epoch,iteration_in_epoch,global_iteration,reward,rolling_reward_50
1,1,1,0.87568516,0.87568516
1,1,1,0.87568516,0.87568516
1,1,1,0.87568516,0.87568516
1,1,1,0.87568516,0.87568516
1,2,2,2.97474575,1.92521545
1,2,2,2.97474575,1.92521545
1,2,2,2.97474575,1.92521545
1,2,2,2.97474575,1.92521545
1,3,3,2.45584536,2.10209209
1,3,3,2.45584536,2.10209209
1,3,3,2.45584536,2.10209209
1,3,3,2.45584536,2.10209209
1,4,4,2.04556084,2.08795927
1,4,4,2.04556084,2.08795927
1,4,4,2.04556084,2.08795927
1,4,4,2.04556084,2.08795927
1,5,5,0.96624899,1.86361722
1,5,5,0.96624899,1.86361722
1,5,5,0.96624899,1.86361722
1,5,5,0.96624899,1.86361722
1,6,6,3.89417958,2.20204428
1,6,6,3.89417958,2.20204428
1,6,6,3.89417958,2.20204428
1,6,6,3.89417958,2.20204428
1,7,7,2.94982839,2.30887058
1,7,7,2.94982839,2.30887058
1,7,7,2.94982839,2.30887058
1,7,7,2.94982839,2.30887058
1,8,8,1.35596108,2.18975689
1,8,8,1.35596108,2.18975689
1,8,8,1.35596108,2.18975689
1,8,8,1.35596108,2.18975689
1,9,9,2.22697496,2.19389223
1,9,9,2.22697496,2.19389223
1,9,9,2.22697496,2.19389223
1,9,9,2.22697496,2.19389223
1,10,10,1.17671919,2.09217493
1,10,10,1.17671919,2.09217493
1,10,10,1.17671919,2.09217493
1,10,10,1.17671919,2.09217493
1,11,11,1.58544517,2.04610859
1,11,11,1.58544517,2.04610859
1,11,11,1.58544517,2.04610859
1,11,11,1.58544517,2.04610859
1,12,12,1.47620678,1.99861677
1,12,12,1.47620678,1.99861677
1,12,12,1.47620678,1.99861677
1,12,12,1.47620678,1.99861677
1,13,13,0.98779225,1.92086104
1,13,13,0.98779225,1.92086104
1,13,13,0.98779225,1.92086104
1,13,13,0.98779225,1.92086104
2,1,14,1.80030596,1.91224996
2,1,14,1.80030596,1.91224996
2,1,14,1.80030596,1.91224996
2,1,14,1.80030596,1.91224996
2,2,15,1.15506506,1.86177097
2,2,15,1.15506506,1.86177097
2,2,15,1.15506506,1.86177097
2,2,15,1.15506506,1.86177097
2,3,16,1.83297181,1.85997102
2,3,16,1.83297181,1.85997102
2,3,16,1.83297181,1.85997102
2,3,16,1.83297181,1.85997102
2,4,17,2.22726727,1.88157668
2,4,17,2.22726727,1.88157668
2,4,17,2.22726727,1.88157668
2,4,17,2.22726727,1.88157668
2,5,18,0.13707966,1.78466018
2,5,18,0.13707966,1.78466018
2,5,18,0.13707966,1.78466018
2,5,18,0.13707966,1.78466018
2,6,19,1.65328956,1.77774594
2,6,19,1.65328956,1.77774594
2,6,19,1.65328956,1.77774594
2,6,19,1.65328956,1.77774594
2,7,20,1.10065913,1.74389160
2,7,20,1.10065913,1.74389160
2,7,20,1.10065913,1.74389160
2,7,20,1.10065913,1.74389160
2,8,21,2.18917799,1.76509571
2,8,21,2.18917799,1.76509571
2,8,21,2.18917799,1.76509571
2,8,21,2.18917799,1.76509571
2,9,22,1.72376513,1.76321705
2,9,22,1.72376513,1.76321705
2,9,22,1.72376513,1.76321705
2,9,22,1.72376513,1.76321705
2,10,23,2.44864202,1.79301813
2,10,23,2.44864202,1.79301813
2,10,23,2.44864202,1.79301813
2,10,23,2.44864202,1.79301813
2,11,24,0.45484662,1.73726099
2,11,24,0.45484662,1.73726099
2,11,24,0.45484662,1.73726099
2,11,24,0.45484662,1.73726099
2,12,25,3.74637580,1.81762558
2,12,25,3.74637580,1.81762558
2,12,25,3.74637580,1.81762558
2,12,25,3.74637580,1.81762558
2,13,26,0.75666738,1.77681950
2,13,26,0.75666738,1.77681950
2,13,26,0.75666738,1.77681950
2,13,26,0.75666738,1.77681950
3,1,27,0.61862910,1.73392355
3,1,27,0.61862910,1.73392355
3,1,27,0.61862910,1.73392355
3,1,27,0.61862910,1.73392355
3,2,28,2.64840651,1.76658366
3,2,28,2.64840651,1.76658366
3,2,28,2.64840651,1.76658366
3,2,28,2.64840651,1.76658366
3,3,29,1.87052619,1.77016789
3,3,29,1.87052619,1.77016789
3,3,29,1.87052619,1.77016789
3,3,29,1.87052619,1.77016789
3,4,30,2.79369926,1.80428560
3,4,30,2.79369926,1.80428560
3,4,30,2.79369926,1.80428560
3,4,30,2.79369926,1.80428560
3,5,31,1.24788439,1.78633717
3,5,31,1.24788439,1.78633717
3,5,31,1.24788439,1.78633717
3,5,31,1.24788439,1.78633717
3,6,32,3.15437555,1.82908837
3,6,32,3.15437555,1.82908837
3,6,32,3.15437555,1.82908837
3,6,32,3.15437555,1.82908837
3,7,33,2.42863679,1.84725651
3,7,33,2.42863679,1.84725651
3,7,33,2.42863679,1.84725651
3,7,33,2.42863679,1.84725651
3,8,34,2.58635259,1.86899463
3,8,34,2.58635259,1.86899463
3,8,34,2.58635259,1.86899463
3,8,34,2.58635259,1.86899463
3,9,35,1.85207903,1.86851132
3,9,35,1.85207903,1.86851132
3,9,35,1.85207903,1.86851132
3,9,35,1.85207903,1.86851132
3,10,36,0.66002762,1.83494233
3,10,36,0.66002762,1.83494233
3,10,36,0.66002762,1.83494233
3,10,36,0.66002762,1.83494233
3,11,37,2.10510850,1.84224412
3,11,37,2.10510850,1.84224412
3,11,37,2.10510850,1.84224412
3,11,37,2.10510850,1.84224412
3,12,38,2.54531622,1.86074602
3,12,38,2.54531622,1.86074602
3,12,38,2.54531622,1.86074602
3,12,38,2.54531622,1.86074602
3,13,39,1.70765495,1.85682060
3,13,39,1.70765495,1.85682060
3,13,39,1.70765495,1.85682060
3,13,39,1.70765495,1.85682060
4,1,40,1.49097896,1.84767456
4,1,40,1.49097896,1.84767456
4,1,40,1.49097896,1.84767456
4,1,40,1.49097896,1.84767456
4,2,41,1.44055390,1.83774479
4,2,41,1.44055390,1.83774479
4,2,41,1.44055390,1.83774479
4,2,41,1.44055390,1.83774479
4,3,42,0.13094172,1.79710662
4,3,42,0.13094172,1.79710662
4,3,42,0.13094172,1.79710662
4,3,42,0.13094172,1.79710662
4,4,43,0.75796300,1.77294049
4,4,43,0.75796300,1.77294049
4,4,43,0.75796300,1.77294049
4,4,43,0.75796300,1.77294049
4,5,44,1.02025330,1.75583397
4,5,44,1.02025330,1.75583397
4,5,44,1.02025330,1.75583397
4,5,44,1.02025330,1.75583397
4,6,45,1.18285370,1.74310107
4,6,45,1.18285370,1.74310107
4,6,45,1.18285370,1.74310107
4,6,45,1.18285370,1.74310107
4,7,46,1.09204876,1.72894776
4,7,46,1.09204876,1.72894776
4,7,46,1.09204876,1.72894776
4,7,46,1.09204876,1.72894776
4,8,47,2.18141556,1.73857473
4,8,47,2.18141556,1.73857473
4,8,47,2.18141556,1.73857473
4,8,47,2.18141556,1.73857473
4,9,48,1.79034424,1.73965327
4,9,48,1.79034424,1.73965327
4,9,48,1.79034424,1.73965327
4,9,48,1.79034424,1.73965327
4,10,49,1.36968994,1.73210299
4,10,49,1.36968994,1.73210299
4,10,49,1.36968994,1.73210299
4,10,49,1.36968994,1.73210299
4,11,50,0.23087204,1.70207837
4,11,50,0.23087204,1.70207837
4,11,50,0.23087204,1.70207837
4,11,50,0.23087204,1.70207837
4,12,51,0.81662726,1.70089722
4,12,51,0.81662726,1.70089722
4,12,51,0.81662726,1.70089722
4,12,51,0.81662726,1.70089722
4,13,52,3.17773294,1.70495696
4,13,52,3.17773294,1.70495696
4,13,52,3.17773294,1.70495696
4,13,52,3.17773294,1.70495696
5,1,53,2.67606544,1.70936136
5,1,53,2.67606544,1.70936136
5,1,53,2.67606544,1.70936136
5,1,53,2.67606544,1.70936136
5,2,54,1.37112474,1.69587264
5,2,54,1.37112474,1.69587264
5,2,54,1.37112474,1.69587264
5,2,54,1.37112474,1.69587264
5,3,55,1.52090740,1.70696581
5,3,55,1.52090740,1.70696581
5,3,55,1.52090740,1.70696581
5,3,55,1.52090740,1.70696581
5,4,56,3.50125265,1.69910727
5,4,56,3.50125265,1.69910727
5,4,56,3.50125265,1.69910727
5,4,56,3.50125265,1.69910727
5,5,57,0.64193046,1.65294931
5,5,57,0.64193046,1.65294931
5,5,57,0.64193046,1.65294931
5,5,57,0.64193046,1.65294931
5,6,58,0.73036861,1.64043746
5,6,58,0.73036861,1.64043746
5,6,58,0.73036861,1.64043746
5,6,58,0.73036861,1.64043746
5,7,59,1.64347529,1.62876747
5,7,59,1.64347529,1.62876747
5,7,59,1.64347529,1.62876747
5,7,59,1.64347529,1.62876747
5,8,60,0.74851567,1.62020340
5,8,60,0.74851567,1.62020340
5,8,60,0.74851567,1.62020340
5,8,60,0.74851567,1.62020340
5,9,61,1.14886475,1.61147179
5,9,61,1.14886475,1.61147179
5,9,61,1.14886475,1.61147179
5,9,61,1.14886475,1.61147179
5,10,62,1.74111211,1.61676990
5,10,62,1.74111211,1.61676990
5,10,62,1.74111211,1.61676990
5,10,62,1.74111211,1.61676990
5,11,63,2.81430960,1.65330024
5,11,63,2.81430960,1.65330024
5,11,63,2.81430960,1.65330024
5,11,63,2.81430960,1.65330024
5,12,64,0.22553140,1.62180475
5,12,64,0.22553140,1.62180475
5,12,64,0.22553140,1.62180475
5,12,64,0.22553140,1.62180475
5,13,65,2.21798682,1.64306319
5,13,65,2.21798682,1.64306319
5,13,65,2.21798682,1.64306319
5,13,65,2.21798682,1.64306319
6,1,66,1.24580610,1.63131987
6,1,66,1.24580610,1.63131987
6,1,66,1.24580610,1.63131987
6,1,66,1.24580610,1.63131987
6,2,67,1.18491197,1.61047277
6,2,67,1.18491197,1.61047277
6,2,67,1.18491197,1.61047277
6,2,67,1.18491197,1.61047277
6,3,68,1.83532596,1.64443769
6,3,68,1.83532596,1.64443769
6,3,68,1.83532596,1.64443769
6,3,68,1.83532596,1.64443769
6,4,69,1.60986602,1.64356922
6,4,69,1.60986602,1.64356922
6,4,69,1.60986602,1.64356922
6,4,69,1.60986602,1.64356922
6,5,70,2.77827263,1.67712149
6,5,70,2.77827263,1.67712149
6,5,70,2.77827263,1.67712149
6,5,70,2.77827263,1.67712149
6,6,71,1.34277415,1.66019342
6,6,71,1.34277415,1.66019342
6,6,71,1.34277415,1.66019342
6,6,71,1.34277415,1.66019342
6,7,72,1.35914958,1.65290110
6,7,72,1.35914958,1.65290110
6,7,72,1.35914958,1.65290110
6,7,72,1.35914958,1.65290110
6,8,73,0.62236404,1.61637554
6,8,73,0.62236404,1.61637554
6,8,73,0.62236404,1.61637554
6,8,73,0.62236404,1.61637554
6,9,74,0.95861948,1.62645100
6,9,74,0.95861948,1.62645100
6,9,74,0.95861948,1.62645100
6,9,74,0.95861948,1.62645100
6,10,75,3.76891279,1.62690174
6,10,75,3.76891279,1.62690174
6,10,75,3.76891279,1.62690174
6,10,75,3.76891279,1.62690174
6,11,76,2.76959968,1.66716039
6,11,76,2.76959968,1.66716039
6,11,76,2.76959968,1.66716039
6,11,76,2.76959968,1.66716039
6,12,77,1.94086695,1.69360514
6,12,77,1.94086695,1.69360514
6,12,77,1.94086695,1.69360514
6,12,77,1.94086695,1.69360514
6,13,78,3.41871023,1.70901122
6,13,78,3.41871023,1.70901122
6,13,78,3.41871023,1.70901122
6,13,78,3.41871023,1.70901122
7,1,79,1.24959636,1.69659262
7,1,79,1.24959636,1.69659262
7,1,79,1.24959636,1.69659262
7,1,79,1.24959636,1.69659262
7,2,80,2.92361116,1.69919086
7,2,80,2.92361116,1.69919086
7,2,80,2.92361116,1.69919086
7,2,80,2.92361116,1.69919086
7,3,81,0.87175810,1.69166833
7,3,81,0.87175810,1.69166833
7,3,81,0.87175810,1.69166833
7,3,81,0.87175810,1.69166833
7,4,82,2.39274454,1.67643571
7,4,82,2.39274454,1.67643571
7,4,82,2.39274454,1.67643571
7,4,82,2.39274454,1.67643571
7,5,83,2.05412531,1.66894548
7,5,83,2.05412531,1.66894548
7,5,83,2.05412531,1.66894548
7,5,83,2.05412531,1.66894548
7,6,84,1.67047691,1.65062797
7,6,84,1.67047691,1.65062797
7,6,84,1.67047691,1.65062797
7,6,84,1.67047691,1.65062797
7,7,85,0.99487752,1.63348394
7,7,85,0.99487752,1.63348394
7,7,85,0.99487752,1.63348394
7,7,85,0.99487752,1.63348394
7,8,86,1.55325460,1.65134848
7,8,86,1.55325460,1.65134848
7,8,86,1.55325460,1.65134848
7,8,86,1.55325460,1.65134848
7,9,87,2.30412340,1.65532878
7,9,87,2.30412340,1.65532878
7,9,87,2.30412340,1.65532878
7,9,87,2.30412340,1.65532878
7,10,88,0.30851290,1.61059271
7,10,88,0.30851290,1.61059271
7,10,88,0.30851290,1.61059271
7,10,88,0.30851290,1.61059271
7,11,89,1.87286758,1.61389696
7,11,89,1.87286758,1.61389696
7,11,89,1.87286758,1.61389696
7,11,89,1.87286758,1.61389696
7,12,90,-0.11471102,1.58178317
7,12,90,-0.11471102,1.58178317
7,12,90,-0.11471102,1.58178317
7,12,90,-0.11471102,1.58178317
7,13,91,4.63369751,1.64564604
7,13,91,4.63369751,1.64564604
7,13,91,4.63369751,1.64564604
7,13,91,4.63369751,1.64564604
8,1,92,0.35580835,1.65014337
8,1,92,0.35580835,1.65014337
8,1,92,0.35580835,1.65014337
8,1,92,0.35580835,1.65014337
8,2,93,1.25248802,1.66003387
8,2,93,1.25248802,1.66003387
8,2,93,1.25248802,1.66003387
8,2,93,1.25248802,1.66003387
8,3,94,-0.34679189,1.63269297
8,3,94,-0.34679189,1.63269297
8,3,94,-0.34679189,1.63269297
8,3,94,-0.34679189,1.63269297
8,4,95,0.14803371,1.61199657
8,4,95,0.14803371,1.61199657
8,4,95,0.14803371,1.61199657
8,4,95,0.14803371,1.61199657
8,5,96,0.14314643,1.59301852
8,5,96,0.14314643,1.59301852
8,5,96,0.14314643,1.59301852
8,5,96,0.14314643,1.59301852
8,6,97,0.46131253,1.55861646
8,6,97,0.46131253,1.55861646
8,6,97,0.46131253,1.55861646
8,6,97,0.46131253,1.55861646
8,7,98,0.72553778,1.53732033
8,7,98,0.72553778,1.53732033
8,7,98,0.72553778,1.53732033
8,7,98,0.72553778,1.53732033
8,8,99,1.67898345,1.54350620
8,8,99,1.67898345,1.54350620
8,8,99,1.67898345,1.54350620
8,8,99,1.67898345,1.54350620
8,9,100,1.26164532,1.56412167
8,9,100,1.26164532,1.56412167
8,9,100,1.26164532,1.56412167
8,9,100,1.26164532,1.56412167
8,10,101,0.25478947,1.55288491
8,10,101,0.25478947,1.55288491
8,10,101,0.25478947,1.55288491
8,10,101,0.25478947,1.55288491
8,11,102,0.96802956,1.50869084
8,11,102,0.96802956,1.50869084
8,11,102,0.96802956,1.50869084
8,11,102,0.96802956,1.50869084
8,12,103,1.60150766,1.48719969
8,12,103,1.60150766,1.48719969
8,12,103,1.60150766,1.48719969
8,12,103,1.60150766,1.48719969
8,13,104,2.20091057,1.50379540
8,13,104,2.20091057,1.50379540
8,13,104,2.20091057,1.50379540
8,13,104,2.20091057,1.50379540
9,1,105,0.24736583,1.47832457
9,1,105,0.24736583,1.47832457
9,1,105,0.24736583,1.47832457
9,1,105,0.24736583,1.47832457
9,2,106,0.51147258,1.41852897
9,2,106,0.51147258,1.41852897
9,2,106,0.51147258,1.41852897
9,2,106,0.51147258,1.41852897
9,3,107,1.09173334,1.42752503
9,3,107,1.09173334,1.42752503
9,3,107,1.09173334,1.42752503
9,3,107,1.09173334,1.42752503
9,4,108,1.52061212,1.44332990
9,4,108,1.52061212,1.44332990
9,4,108,1.52061212,1.44332990
9,4,108,1.52061212,1.44332990
9,5,109,1.11343396,1.43272907
9,5,109,1.11343396,1.43272907
9,5,109,1.11343396,1.43272907
9,5,109,1.11343396,1.43272907
9,6,110,1.11287689,1.44001630
9,6,110,1.11287689,1.44001630
9,6,110,1.11287689,1.44001630
9,6,110,1.11287689,1.44001630
9,7,111,1.44826663,1.44600433
9,7,111,1.44826663,1.44600433
9,7,111,1.44826663,1.44600433
9,7,111,1.44826663,1.44600433
9,8,112,3.02632904,1.47170867
9,8,112,3.02632904,1.47170867
9,8,112,3.02632904,1.47170867
9,8,112,3.02632904,1.47170867
9,9,113,1.66099143,1.44864231
9,9,113,1.66099143,1.44864231
9,9,113,1.66099143,1.44864231
9,9,113,1.66099143,1.44864231
9,10,114,1.85212672,1.48117422
9,10,114,1.85212672,1.48117422
9,10,114,1.85212672,1.48117422
9,10,114,1.85212672,1.48117422
9,11,115,-0.25442398,1.43172600
9,11,115,-0.25442398,1.43172600
9,11,115,-0.25442398,1.43172600
9,11,115,-0.25442398,1.43172600
9,12,116,2.50368834,1.45688364
9,12,116,2.50368834,1.45688364
9,12,116,2.50368834,1.45688364
9,12,116,2.50368834,1.45688364
9,13,117,3.19001174,1.49698564
9,13,117,3.19001174,1.49698564
9,13,117,3.19001174,1.49698564
9,13,117,3.19001174,1.49698564
10,1,118,0.48378903,1.46995490
10,1,118,0.48378903,1.46995490
10,1,118,0.48378903,1.46995490
10,1,118,0.48378903,1.46995490
10,2,119,3.61464262,1.51005043
10,2,119,3.61464262,1.51005043
10,2,119,3.61464262,1.51005043
10,2,119,3.61464262,1.51005043
10,3,120,0.98497677,1.47418452
10,3,120,0.98497677,1.47418452
10,3,120,0.98497677,1.47418452
10,3,120,0.98497677,1.47418452
10,4,121,2.29525614,1.49323416
10,4,121,2.29525614,1.49323416
10,4,121,2.29525614,1.49323416
10,4,121,2.29525614,1.49323416
10,5,122,2.10340691,1.50811930
10,5,122,2.10340691,1.50811930
10,5,122,2.10340691,1.50811930
10,5,122,2.10340691,1.50811930
10,6,123,0.74841857,1.51064039
10,6,123,0.74841857,1.51064039
10,6,123,0.74841857,1.51064039
10,6,123,0.74841857,1.51064039
10,7,124,1.59579396,1.52338388
10,7,124,1.59579396,1.52338388
10,7,124,1.59579396,1.52338388
10,7,124,1.59579396,1.52338388
10,8,125,1.48493791,1.47770438
10,8,125,1.48493791,1.47770438
10,8,125,1.48493791,1.47770438
10,8,125,1.48493791,1.47770438
10,9,126,0.85925066,1.43949740
10,9,126,0.85925066,1.43949740
10,9,126,0.85925066,1.43949740
10,9,126,0.85925066,1.43949740
10,10,127,2.30064011,1.44669287
10,10,127,2.30064011,1.44669287
10,10,127,2.30064011,1.44669287
10,10,127,2.30064011,1.44669287
10,11,128,0.63087785,1.39093622
10,11,128,0.63087785,1.39093622
10,11,128,0.63087785,1.39093622
10,11,128,0.63087785,1.39093622
10,12,129,0.42761448,1.37449658
10,12,129,0.42761448,1.37449658
10,12,129,0.42761448,1.37449658
10,12,129,0.42761448,1.37449658
10,13,130,0.27636808,1.32155172
10,13,130,0.27636808,1.32155172
10,13,130,0.27636808,1.32155172
10,13,130,0.27636808,1.32155172
11,1,131,2.09155464,1.34594765
11,1,131,2.09155464,1.34594765
11,1,131,2.09155464,1.34594765
11,1,131,2.09155464,1.34594765
11,2,132,0.00840768,1.29826091
11,2,132,0.00840768,1.29826091
11,2,132,0.00840768,1.29826091
11,2,132,0.00840768,1.29826091
11,3,133,3.19035006,1.32098541
11,3,133,3.19035006,1.32098541
11,3,133,3.19035006,1.32098541
11,3,133,3.19035006,1.32098541
11,4,134,0.45145288,1.29660493
11,4,134,0.45145288,1.29660493
11,4,134,0.45145288,1.29660493
11,4,134,0.45145288,1.29660493
11,5,135,-0.99689829,1.25676941
11,5,135,-0.99689829,1.25676941
11,5,135,-0.99689829,1.25676941
11,5,135,-0.99689829,1.25676941
11,6,136,0.42819858,1.23426829
11,6,136,0.42819858,1.23426829
11,6,136,0.42819858,1.23426829
11,6,136,0.42819858,1.23426829
11,7,137,1.44814587,1.21714874
11,7,137,1.44814587,1.21714874
11,7,137,1.44814587,1.21714874
11,7,137,1.44814587,1.21714874
11,8,138,0.88800943,1.22873867
11,8,138,0.88800943,1.22873867
11,8,138,0.88800943,1.22873867
11,8,138,0.88800943,1.22873867
11,9,139,1.30814445,1.21744421
11,9,139,1.30814445,1.21744421
11,9,139,1.30814445,1.21744421
11,9,139,1.30814445,1.21744421
11,10,140,2.07789922,1.26129641
11,10,140,2.07789922,1.26129641
11,10,140,2.07789922,1.26129641
11,10,140,2.07789922,1.26129641
11,11,141,0.28514153,1.17432529
11,11,141,0.28514153,1.17432529
11,11,141,0.28514153,1.17432529
11,11,141,0.28514153,1.17432529
11,12,142,1.13836038,1.18997633
11,12,142,1.13836038,1.18997633
11,12,142,1.13836038,1.18997633
11,12,142,1.13836038,1.18997633
11,13,143,2.46478510,1.21422228
11,13,143,2.46478510,1.21422228
11,13,143,2.46478510,1.21422228
11,13,143,2.46478510,1.21422228
12,1,144,1.37339127,1.24862594
12,1,144,1.37339127,1.24862594
12,1,144,1.37339127,1.24862594
12,1,144,1.37339127,1.24862594
12,2,145,2.45618463,1.29478896
12,2,145,2.45618463,1.29478896
12,2,145,2.45618463,1.29478896
12,2,145,2.45618463,1.29478896
12,3,146,0.86958516,1.30931773
12,3,146,0.86958516,1.30931773
12,3,146,0.86958516,1.30931773
12,3,146,0.86958516,1.30931773
12,4,147,-0.12695199,1.29755244
12,4,147,-0.12695199,1.29755244
12,4,147,-0.12695199,1.29755244
12,4,147,-0.12695199,1.29755244
12,5,148,1.93397570,1.32172120
12,5,148,1.93397570,1.32172120
12,5,148,1.93397570,1.32172120
12,5,148,1.93397570,1.32172120
12,6,149,1.00303864,1.30820230
12,6,149,1.00303864,1.30820230
12,6,149,1.00303864,1.30820230
12,6,149,1.00303864,1.30820230
12,7,150,0.19164222,1.28680224
12,7,150,0.19164222,1.28680224
12,7,150,0.19164222,1.28680224
12,7,150,0.19164222,1.28680224
12,8,151,1.47010016,1.31110846
12,8,151,1.47010016,1.31110846
12,8,151,1.47010016,1.31110846
12,8,151,1.47010016,1.31110846
12,9,152,2.09520912,1.33365205
12,9,152,2.09520912,1.33365205
12,9,152,2.09520912,1.33365205
12,9,152,2.09520912,1.33365205
12,10,153,1.12416565,1.32410521
12,10,153,1.12416565,1.32410521
12,10,153,1.12416565,1.32410521
12,10,153,1.12416565,1.32410521
12,11,154,3.24833250,1.34505365
12,11,154,3.24833250,1.34505365
12,11,154,3.24833250,1.34505365
12,11,154,3.24833250,1.34505365
12,12,155,1.15937948,1.36329392
12,12,155,1.15937948,1.36329392
12,12,155,1.15937948,1.36329392
12,12,155,1.15937948,1.36329392
12,13,156,0.94390607,1.37194259
12,13,156,0.94390607,1.37194259
12,13,156,0.94390607,1.37194259
12,13,156,0.94390607,1.37194259
13,1,157,2.29538655,1.39601565
13,1,157,2.29538655,1.39601565
13,1,157,2.29538655,1.39601565
13,1,157,2.29538655,1.39601565
13,2,158,0.15566510,1.36871671
13,2,158,0.15566510,1.36871671
13,2,158,0.15566510,1.36871671
13,2,158,0.15566510,1.36871671
13,3,159,3.04241180,1.40729627
13,3,159,3.04241180,1.40729627
13,3,159,3.04241180,1.40729627
13,3,159,3.04241180,1.40729627
13,4,160,2.79040003,1.44084673
13,4,160,2.79040003,1.44084673
13,4,160,2.79040003,1.44084673
13,4,160,2.79040003,1.44084673
13,5,161,2.05867147,1.45305483
13,5,161,2.05867147,1.45305483
13,5,161,2.05867147,1.45305483
13,5,161,2.05867147,1.45305483
13,6,162,1.72286677,1.42698558
13,6,162,1.72286677,1.42698558
13,6,162,1.72286677,1.42698558
13,6,162,1.72286677,1.42698558
13,7,163,0.36883599,1.40114248
13,7,163,0.36883599,1.40114248
13,7,163,0.36883599,1.40114248
13,7,163,0.36883599,1.40114248
13,8,164,0.61794913,1.37645892
13,8,164,0.61794913,1.37645892
13,8,164,0.61794913,1.37645892
13,8,164,0.61794913,1.37645892
13,9,165,1.97490823,1.42104557
13,9,165,1.97490823,1.42104557
13,9,165,1.97490823,1.42104557
13,9,165,1.97490823,1.42104557
13,10,166,3.08202195,1.43261224
13,10,166,3.08202195,1.43261224
13,10,166,3.08202195,1.43261224
13,10,166,3.08202195,1.43261224
13,11,167,2.35703516,1.41595271
13,11,167,2.35703516,1.41595271
13,11,167,2.35703516,1.41595271
13,11,167,2.35703516,1.41595271
13,12,168,0.96410698,1.42555907
13,12,168,0.96410698,1.42555907
13,12,168,0.96410698,1.42555907
13,12,168,0.96410698,1.42555907
13,13,169,4.18129444,1.43689210
13,13,169,4.18129444,1.43689210
13,13,169,4.18129444,1.43689210
13,13,169,4.18129444,1.43689210
14,1,170,2.81318212,1.47345621
14,1,170,2.81318212,1.47345621
14,1,170,2.81318212,1.47345621
14,1,170,2.81318212,1.47345621
14,2,171,1.68554187,1.46126193
14,2,171,1.68554187,1.46126193
14,2,171,1.68554187,1.46126193
14,2,171,1.68554187,1.46126193
14,3,172,2.80381632,1.47527011
14,3,172,2.80381632,1.47527011
14,3,172,2.80381632,1.47527011
14,3,172,2.80381632,1.47527011
14,4,173,0.49182272,1.47013820
14,4,173,0.49182272,1.47013820
14,4,173,0.49182272,1.47013820
14,4,173,0.49182272,1.47013820
14,5,174,1.76491451,1.47352061
14,5,174,1.76491451,1.47352061
14,5,174,1.76491451,1.47352061
14,5,174,1.76491451,1.47352061
14,6,175,1.63157797,1.47645341
14,6,175,1.63157797,1.47645341
14,6,175,1.63157797,1.47645341
14,6,175,1.63157797,1.47645341
14,7,176,2.44165230,1.50810144
14,7,176,2.44165230,1.50810144
14,7,176,2.44165230,1.50810144
14,7,176,2.44165230,1.50810144
14,8,177,2.37711024,1.50963084
14,8,177,2.37711024,1.50963084
14,8,177,2.37711024,1.50963084
14,8,177,2.37711024,1.50963084
14,9,178,2.17010975,1.54041548
14,9,178,2.17010975,1.54041548
14,9,178,2.17010975,1.54041548
14,9,178,2.17010975,1.54041548
14,10,179,1.35300207,1.55892323
14,10,179,1.35300207,1.55892323
14,10,179,1.35300207,1.55892323
14,10,179,1.35300207,1.55892323
14,11,180,2.92316508,1.61185917
14,11,180,2.92316508,1.61185917
14,11,180,2.92316508,1.61185917
14,11,180,2.92316508,1.61185917
14,12,181,3.29233789,1.63587484
14,12,181,3.29233789,1.63587484
14,12,181,3.29233789,1.63587484
14,12,181,3.29233789,1.63587484
14,13,182,1.72514546,1.67020959
14,13,182,1.72514546,1.67020959
14,13,182,1.72514546,1.67020959
14,13,182,1.72514546,1.67020959
15,1,183,-0.73846990,1.59163320
15,1,183,-0.73846990,1.59163320
15,1,183,-0.73846990,1.59163320
15,1,183,-0.73846990,1.59163320
15,2,184,1.62028623,1.61500986
15,2,184,1.62028623,1.61500986
15,2,184,1.62028623,1.61500986
15,2,184,1.62028623,1.61500986
15,3,185,0.61869860,1.64732180
15,3,185,0.61869860,1.64732180
15,3,185,0.61869860,1.64732180
15,3,185,0.61869860,1.64732180
15,4,186,1.72385061,1.67323484
15,4,186,1.72385061,1.67323484
15,4,186,1.72385061,1.67323484
15,4,186,1.72385061,1.67323484
15,5,187,1.44851077,1.67324214
15,5,187,1.44851077,1.67324214
15,5,187,1.44851077,1.67324214
15,5,187,1.44851077,1.67324214
15,6,188,1.95308447,1.69454364
15,6,188,1.95308447,1.69454364
15,6,188,1.95308447,1.69454364
15,6,188,1.95308447,1.69454364
15,7,189,2.08045912,1.70998993
15,7,189,2.08045912,1.70998993
15,7,189,2.08045912,1.70998993
15,7,189,2.08045912,1.70998993
15,8,190,3.25210619,1.73347407
15,8,190,3.25210619,1.73347407
15,8,190,3.25210619,1.73347407
15,8,190,3.25210619,1.73347407
15,9,191,2.75048256,1.78278089
15,9,191,2.75048256,1.78278089
15,9,191,2.75048256,1.78278089
15,9,191,2.75048256,1.78278089
15,10,192,2.50273752,1.81006844
15,10,192,2.50273752,1.81006844
15,10,192,2.50273752,1.81006844
15,10,192,2.50273752,1.81006844
15,11,193,1.26242852,1.78602130
15,11,193,1.26242852,1.78602130
15,11,193,1.26242852,1.78602130
15,11,193,1.26242852,1.78602130
15,12,194,2.25071573,1.80356779
15,12,194,2.25071573,1.80356779
15,12,194,2.25071573,1.80356779
15,12,194,2.25071573,1.80356779
15,13,195,-0.17304635,1.75098317
15,13,195,-0.17304635,1.75098317
15,13,195,-0.17304635,1.75098317
15,13,195,-0.17304635,1.75098317
16,1,196,2.07530308,1.77509753
16,1,196,2.07530308,1.77509753
16,1,196,2.07530308,1.77509753
16,1,196,2.07530308,1.77509753
16,2,197,3.06305742,1.83889772
16,2,197,3.06305742,1.83889772
16,2,197,3.06305742,1.83889772
16,2,197,3.06305742,1.83889772
16,3,198,2.45202351,1.84925868
16,3,198,2.45202351,1.84925868
16,3,198,2.45202351,1.84925868
16,3,198,2.45202351,1.84925868
16,4,199,0.07854293,1.83076876
16,4,199,0.07854293,1.83076876
16,4,199,0.07854293,1.83076876
16,4,199,0.07854293,1.83076876
16,5,200,1.37111259,1.85435817
16,5,200,1.37111259,1.85435817
16,5,200,1.37111259,1.85435817
16,5,200,1.37111259,1.85435817
16,6,201,1.09875512,1.84693127
16,6,201,1.09875512,1.84693127
16,6,201,1.09875512,1.84693127
16,6,201,1.09875512,1.84693127
16,7,202,1.56447649,1.83631662
16,7,202,1.56447649,1.83631662
16,7,202,1.56447649,1.83631662
16,7,202,1.56447649,1.83631662
16,8,203,0.72225720,1.82827845
16,8,203,0.72225720,1.82827845
16,8,203,0.72225720,1.82827845
16,8,203,0.72225720,1.82827845
16,9,204,0.88456666,1.78100313
16,9,204,0.88456666,1.78100313
16,9,204,0.88456666,1.78100313
16,9,204,0.88456666,1.78100313
16,10,205,2.08771229,1.79956979
16,10,205,2.08771229,1.79956979
16,10,205,2.08771229,1.79956979
16,10,205,2.08771229,1.79956979
16,11,206,1.37287998,1.80814926
16,11,206,1.37287998,1.80814926
16,11,206,1.37287998,1.80814926
16,11,206,1.37287998,1.80814926
16,12,207,1.43935311,1.79102860
16,12,207,1.43935311,1.79102860
16,12,207,1.43935311,1.79102860
16,12,207,1.43935311,1.79102860
16,13,208,2.45078921,1.83693108
16,13,208,2.45078921,1.83693108
16,13,208,2.45078921,1.83693108
16,13,208,2.45078921,1.83693108
17,1,209,-0.48758918,1.76633106
17,1,209,-0.48758918,1.76633106
17,1,209,-0.48758918,1.76633106
17,1,209,-0.48758918,1.76633106
17,2,210,0.01693282,1.71086171
17,2,210,0.01693282,1.71086171
17,2,210,0.01693282,1.71086171
17,2,210,0.01693282,1.71086171
17,3,211,1.13415194,1.69237132
17,3,211,1.13415194,1.69237132
17,3,211,1.13415194,1.69237132
17,3,211,1.13415194,1.69237132
17,4,212,0.87571174,1.67542822
17,4,212,0.87571174,1.67542822
17,4,212,0.87571174,1.67542822
17,4,212,0.87571174,1.67542822
17,5,213,1.32836270,1.69461876
17,5,213,1.32836270,1.69461876
17,5,213,1.32836270,1.69461876
17,5,213,1.32836270,1.69461876
17,6,214,0.33260277,1.68891183
17,6,214,0.33260277,1.68891183
17,6,214,0.33260277,1.68891183
17,6,214,0.33260277,1.68891183
17,7,215,1.25018501,1.67441737
17,7,215,1.25018501,1.67441737
17,7,215,1.25018501,1.67441737
17,7,215,1.25018501,1.67441737
17,8,216,3.17964983,1.67636992
17,8,216,3.17964983,1.67636992
17,8,216,3.17964983,1.67636992
17,8,216,3.17964983,1.67636992
17,9,217,2.41782618,1.67758574
17,9,217,2.41782618,1.67758574
17,9,217,2.41782618,1.67758574
17,9,217,2.41782618,1.67758574
17,10,218,3.14376926,1.72117899
17,10,218,3.14376926,1.72117899
17,10,218,3.14376926,1.72117899
17,10,218,3.14376926,1.72117899
17,11,219,1.79386306,1.67343036
17,11,219,1.79386306,1.67343036
17,11,219,1.79386306,1.67343036
17,11,219,1.79386306,1.67343036
17,12,220,1.39847684,1.64513626
17,12,220,1.39847684,1.64513626
17,12,220,1.39847684,1.64513626
17,12,220,1.39847684,1.64513626
17,13,221,3.16424704,1.67471036
17,13,221,3.16424704,1.67471036
17,13,221,3.16424704,1.67471036
17,13,221,3.16424704,1.67471036
18,1,222,0.86428249,1.63591968
18,1,222,0.86428249,1.63591968
18,1,222,0.86428249,1.63591968
18,1,222,0.86428249,1.63591968
18,2,223,2.16228843,1.66932900
18,2,223,2.16228843,1.66932900
18,2,223,2.16228843,1.66932900
18,2,223,2.16228843,1.66932900
18,3,224,1.02029932,1.65443669
18,3,224,1.02029932,1.65443669
18,3,224,1.02029932,1.65443669
18,3,224,1.02029932,1.65443669
18,4,225,3.36452365,1.68909561
18,4,225,3.36452365,1.68909561
18,4,225,3.36452365,1.68909561
18,4,225,3.36452365,1.68909561
18,5,226,3.08968639,1.70205629
18,5,226,3.08968639,1.70205629
18,5,226,3.08968639,1.70205629
18,5,226,3.08968639,1.70205629
18,6,227,-0.13425538,1.65182898
18,6,227,-0.13425538,1.65182898
18,6,227,-0.13425538,1.65182898
18,6,227,-0.13425538,1.65182898
18,7,228,0.60774684,1.62058172
18,7,228,0.60774684,1.62058172
18,7,228,0.60774684,1.62058172
18,7,228,0.60774684,1.62058172
18,8,229,-0.68039131,1.57991385
18,8,229,-0.68039131,1.57991385
18,8,229,-0.68039131,1.57991385
18,8,229,-0.68039131,1.57991385
18,9,230,0.59473348,1.53334522
18,9,230,0.59473348,1.53334522
18,9,230,0.59473348,1.53334522
18,9,230,0.59473348,1.53334522
18,10,231,4.36984253,1.55489531
18,10,231,4.36984253,1.55489531
18,10,231,4.36984253,1.55489531
18,10,231,4.36984253,1.55489531
18,11,232,1.08910084,1.54217442
18,11,232,1.08910084,1.54217442
18,11,232,1.08910084,1.54217442
18,11,232,1.08910084,1.54217442
18,12,233,1.00614548,1.57706673
18,12,233,1.00614548,1.57706673
18,12,233,1.00614548,1.57706673
18,13,234,2.73152208,1.59929144
18,12,233,1.00614548,1.57706673
18,13,234,2.73152208,1.59929144
18,13,234,2.73152208,1.59929144
18,13,234,2.73152208,1.59929144
19,1,235,-0.51150930,1.57668729
19,1,235,-0.51150930,1.57668729
19,1,235,-0.51150930,1.57668729
19,1,235,-0.51150930,1.57668729
19,2,236,2.77947044,1.59779968
19,2,236,2.77947044,1.59779968
19,2,236,2.77947044,1.59779968
19,2,236,2.77947044,1.59779968
19,3,237,1.34555447,1.59574056
19,3,237,1.34555447,1.59574056
19,3,237,1.34555447,1.59574056
19,3,237,1.34555447,1.59574056
19,4,238,1.82951367,1.59326914
19,4,238,1.82951367,1.59326914
19,4,238,1.82951367,1.59326914
19,4,238,1.82951367,1.59326914
19,5,239,1.48438215,1.58134760
19,5,239,1.48438215,1.58134760
19,5,239,1.48438215,1.58134760
19,5,239,1.48438215,1.58134760
19,6,240,1.63046050,1.54891469
19,6,240,1.63046050,1.54891469
19,6,240,1.63046050,1.54891469
19,6,240,1.63046050,1.54891469
19,7,241,2.47230577,1.54335115
19,7,241,2.47230577,1.54335115
19,7,241,2.47230577,1.54335115
19,7,241,2.47230577,1.54335115
19,8,242,1.35988975,1.52049420
19,8,242,1.35988975,1.52049420
19,8,242,1.35988975,1.52049420
19,8,242,1.35988975,1.52049420
19,9,243,2.84129763,1.55207158
19,9,243,2.84129763,1.55207158
19,9,243,2.84129763,1.55207158
19,9,243,2.84129763,1.55207158
19,10,244,2.05322647,1.54812179
19,10,244,2.05322647,1.54812179
19,10,244,2.05322647,1.54812179
19,10,244,2.05322647,1.54812179
19,11,245,0.24439529,1.55647063
19,11,245,0.24439529,1.55647063
19,11,245,0.24439529,1.55647063
19,11,245,0.24439529,1.55647063
19,12,246,1.95831132,1.55413079
19,12,246,1.95831132,1.55413079
19,12,246,1.95831132,1.55413079
19,13,247,1.23237753,1.51751719
19,12,246,1.95831132,1.55413079
19,13,247,1.23237753,1.51751719
19,13,247,1.23237753,1.51751719
19,13,247,1.23237753,1.51751719
20,1,248,0.63217491,1.48112022
20,1,248,0.63217491,1.48112022
20,1,248,0.63217491,1.48112022
20,1,248,0.63217491,1.48112022
20,2,249,0.75089192,1.49456720
20,2,249,0.75089192,1.49456720
20,2,249,0.75089192,1.49456720
20,2,249,0.75089192,1.49456720
20,3,250,2.62422180,1.51962938
20,3,250,2.62422180,1.51962938
20,3,250,2.62422180,1.51962938
20,3,250,2.62422180,1.51962938
20,4,251,0.08510327,1.49935635
20,4,251,0.08510327,1.49935635
20,4,251,0.08510327,1.49935635
20,4,251,0.08510327,1.49935635
20,5,252,2.58245826,1.51971598
20,5,252,2.58245826,1.51971598
20,5,252,2.58245826,1.51971598
20,5,252,2.58245826,1.51971598
20,6,253,0.22903508,1.50985154
20,6,253,0.22903508,1.50985154
20,6,253,0.22903508,1.50985154
20,6,253,0.22903508,1.50985154
20,7,254,3.16391969,1.55543860
20,7,254,3.16391969,1.55543860
20,7,254,3.16391969,1.55543860
20,7,254,3.16391969,1.55543860
20,8,255,0.90092707,1.53170290
20,8,255,0.90092707,1.53170290
20,8,255,0.90092707,1.53170290
20,8,255,0.90092707,1.53170290
20,9,256,2.93974638,1.56304022
20,9,256,2.93974638,1.56304022
20,9,256,2.93974638,1.56304022
20,9,256,2.93974638,1.56304022
20,10,257,2.70251632,1.58830349
20,10,257,2.70251632,1.58830349
20,10,257,2.70251632,1.58830349
20,10,257,2.70251632,1.58830349
20,11,258,2.83790207,1.59604575
20,11,258,2.83790207,1.59604575
20,11,258,2.83790207,1.59604575
20,11,258,2.83790207,1.59604575
20,12,259,2.43230009,1.65444353
20,12,259,2.43230009,1.65444353
20,12,259,2.43230009,1.65444353
20,13,260,3.41172552,1.72233939
20,12,259,2.43230009,1.65444353
20,13,260,3.41172552,1.72233939
20,13,260,3.41172552,1.72233939
20,13,260,3.41172552,1.72233939
